agency_id,agency,sub_agency,authorized_products,reused_products,in_process_products,sponsored_atos,reported_authorizations,reported_reuses,website,source_last_change
22-008,Administrative Office of the United States Courts,,4,6,0,1,4,10,https://www.uscourts.gov/,2026-09-23
22-008-02,Administrative Office of the United States Courts - Alabama Middle District,Alabama Middle District,1,0,0,0,1,7,,2026-09-23
22-008-01,Administrative Office of the United States Courts - US Bankruptcy Court - Middle District of Tennessee,US Bankruptcy Court - Middle District of Tennessee,1,0,0,0,1,7,,2026-09-23
22-008-03,Administrative Office of the United States Courts - US Bankruptcy Court - West District of Kentucky,US Bankruptcy Court - West District of Kentucky,1,0,0,0,1,7,,2026-09-23
22-086,Advisory Council on Historic Preservation,,1,0,1,1,1,3,https://www.achp.gov/,2026-09-23
22-081,American Battle Monuments Commission,,6,6,0,0,6,19,https://www.abmc.gov/,2026-09-23
22-088,Chemical Safety And Hazard Investigation Board,,4,4,0,0,4,19,https://www.csb.gov/,2026-09-23
22-066,Commission of Fine Arts,,1,1,0,0,1,0,https://www.cfa.gov/,2026-09-23
22-045,Commodity Futures Trading Commission,,24,23,0,1,24,38,https://www.cftc.gov/,2026-09-23
22-037,Consumer Financial Protection Bureau,,19,16,0,3,19,38,https://www.consumerfinance.gov/,2026-09-23
22-051,Consumer Product Safety Commission,,26,26,0,1,27,44,https://www.cpsc.gov/,2026-09-23
22-024,Corporation for National & Community Service,,18,14,0,4,18,30,https://www.americorps.gov/,2026-09-23
22-033,Council of the Inspectors General on Integrity and Efficiency,,17,17,0,0,17,22,https://www.ignet.gov/,2026-09-23
22-072,Court Services and Offender Supervision Agency,,4,4,0,0,4,2,https://www.csosa.gov/,2026-09-23
22-075,Defense Nuclear Facilities Safety Board,,9,8,0,2,10,17,https://www.dnfsb.gov/,2026-09-23
22-034,Department of Agriculture,,86,81,3,15,91,64,https://www.usda.gov/,2026-09-23
22-034-03,Department of Agriculture - Animal and Plant Health Inspection Service,Animal and Plant Health Inspection Service,1,0,0,0,1,3,,2026-09-23
22-034-01,Department of Agriculture - National Institute of Food and Agriculture,National Institute of Food and Agriculture,1,0,0,0,1,0,,2026-09-23
22-034-02,Department of Agriculture - United States Forest Service,United States Forest Service,7,0,0,5,7,17,,2026-09-23
22-034-04,Department of Agriculture - USDA Office of the Inspector General,USDA Office of the Inspector General,1,0,0,0,1,3,,2026-09-23
22-011,Department of Commerce,,24,226,0,5,26,66,https://www.commerce.gov/,2026-09-23
22-011-09,Department of Commerce - Bureau of Economic Analysis,Bureau of Economic Analysis,8,0,0,0,8,12,,2026-09-23
22-011-08,Department of Commerce - Bureau of Industry and Security,Bureau of Industry and Security,2,0,0,1,2,3,,2026-09-23
22-011-11,Department of Commerce - DOC Office of Inspector General,DOC Office of Inspector General,1,0,0,0,1,0,,2026-09-23
22-011-06,Department of Commerce - First Responder Network Authority,First Responder Network Authority,25,0,0,1,30,31,,2026-09-23
22-011-04,Department of Commerce - International Trade Administration,International Trade Administration,6,0,0,1,7,11,,2026-09-23
22-011-02,Department of Commerce - National Institute of Standards and Technology,National Institute of Standards and Technology,32,0,0,4,35,37,,2026-09-23
22-011-03,Department of Commerce - National Oceanic and Atmospheric Administration,National Oceanic and Atmospheric Administration,39,0,0,4,39,43,,2026-09-23
22-011-10,Department of Commerce - National Telecommunications and Information Administration,National Telecommunications and Information Administration,16,0,0,0,16,29,,2026-09-23
22-011-01,Department of Commerce - United States Census Bureau,United States Census Bureau,27,0,0,4,31,31,,2026-09-23
22-011-05,Department of Commerce - United States Patent and Trademark Office,United States Patent and Trademark Office,52,0,1,3,54,48,,2026-09-23
22-016-18,Department of Defense - Defense Commissary Agency,Defense Commissary Agency,2,0,0,2,2,11,,2026-09-23
22-016-11,Department of Defense - Defense Counterintelligence and Security Agency,Defense Counterintelligence and Security Agency,3,0,0,1,3,8,,2026-09-23
22-016-45,Department of Defense - Defense Finance and Accounting Service,Defense Finance and Accounting Service,1,0,1,0,1,1,,2026-09-23
22-016-02,Department of Defense - Defense Health Agency,Defense Health Agency,2,0,0,0,2,0,,2026-09-23
22-016-01,Department of Defense - Defense Information Systems Agency,Defense Information Systems Agency,50,0,1,16,52,34,,2026-09-23
22-016-21,Department of Defense - Defense Innovation Unit,Defense Innovation Unit,4,0,0,2,4,10,,2026-09-23
22-016-09,Department of Defense - Defense Logistics Agency,Defense Logistics Agency,1,0,1,0,1,0,,2026-09-23
22-016-25,Department of Defense - Defense Security Cooperation Agency,Defense Security Cooperation Agency,1,0,0,0,1,2,,2026-09-23
22-016-24,Department of Defense - Department of Defense Education Activity,Department of Defense Education Activity,1,0,0,0,1,7,,2026-09-23
22-016-08,Department of Defense - Department of the Navy,Department of the Navy,9,0,4,2,9,20,,2026-09-23
22-016-43,Department of Defense - Joint Special Operations Command,Joint Special Operations Command,1,0,0,0,1,7,,2026-09-23
22-016-20,Department of Defense - Joint Special Operations Medical Training Center,Joint Special Operations Medical Training Center,1,0,0,0,1,0,,2026-09-23
22-016-38,Department of Defense - Missile Defense Agency,Missile Defense Agency,2,0,0,0,2,0,,2026-09-23
22-016-33,Department of Defense - National Defense University,National Defense University,1,0,0,0,1,0,,2026-09-23
22-016-28,Department of Defense - National Geospatial-Intelligence Agency,National Geospatial-Intelligence Agency,1,0,0,1,1,4,,2026-09-23
22-016-19,Department of Defense - Naval Information Warfare Center,Naval Information Warfare Center,1,0,0,1,1,13,,2026-09-23
22-016-44,Department of Defense - Naval Nuclear Propulsion Program,Naval Nuclear Propulsion Program,1,0,0,1,1,5,,2026-09-23
22-016-47,Department of Defense - Naval Systems Sea Command,Naval Systems Sea Command,3,0,0,0,3,5,,2026-09-23
22-016-48,Department of Defense - Special Operations Command,Special Operations Command,2,0,0,0,2,10,,2026-09-23
22-016-36,"Department of Defense - Special Operations Command, Pacific","Special Operations Command, Pacific",2,0,0,1,2,4,,2026-09-23
22-016-07,Department of Defense - United States Air Force,United States Air Force,9,0,4,4,10,9,,2026-09-23
22-016-03,Department of Defense - United States Army,United States Army,5,0,1,1,5,12,,2026-09-23
22-016-27,Department of Defense - United States Army Corps of Engineers,United States Army Corps of Engineers,4,0,0,3,4,7,,2026-09-23
22-016-04,Department of Defense - United States Marine Corps,United States Marine Corps,2,0,0,0,2,7,,2026-09-23
22-016-42,Department of Defense - United States Space Force,United States Space Force,1,0,0,1,1,0,,2026-09-23
22-016-06,Department of Defense - Warfighting Acquisition University,Warfighting Acquisition University,8,0,0,0,8,13,,2026-09-23
22-022,Department of Education,,44,57,0,5,45,0,https://www.ed.gov/,2026-09-23
22-022-01,Department of Education - Federal Student Aid,Federal Student Aid,20,0,1,3,20,0,,2026-09-23
22-007,Department of Energy,,57,265,2,20,59,0,https://www.energy.gov/,2026-09-23
22-007-17,Department of Energy - Argonne National Laboratory,Argonne National Laboratory,36,0,0,1,37,0,,2026-09-23
22-007-10,Department of Energy - Bonneville Power Administration,Bonneville Power Administration,1,0,0,0,1,3,,2026-09-23
22-007-25,Department of Energy - Brookhaven Site Office,Brookhaven Site Office,16,0,0,0,17,35,,2026-09-23
22-007-20,Department of Energy - DOE Office of the General Counsel,DOE Office of the General Counsel,1,0,0,1,1,9,,2026-09-23
22-007-14,Department of Energy - DOE Office of the Inspector General,DOE Office of the Inspector General,1,0,0,0,1,0,,2026-09-23
22-007-02,Department of Energy - Energy Information Administration,Energy Information Administration,1,0,0,1,1,8,,2026-09-23
22-007-18,Department of Energy - Environmental Management Consolidated Business Center,Environmental Management Consolidated Business Center,8,0,0,0,9,13,,2026-09-23
22-007-04,Department of Energy - Federal Energy Regulatory Commission,Federal Energy Regulatory Commission,34,0,0,4,34,39,,2026-09-23
22-007-28,Department of Energy - Fermi National Accelerator Laboratory,Fermi National Accelerator Laboratory,20,0,0,0,21,30,,2026-09-23
22-007-16,Department of Energy - Golden Field Office,Golden Field Office,2,0,0,0,2,3,,2026-09-23
22-007-06,Department of Energy - Idaho Operations Office,Idaho Operations Office,1,0,0,0,1,1,,2026-09-23
22-007-11,Department of Energy - Los Alamos National Laboratory,Los Alamos National Laboratory,6,0,0,0,6,22,,2026-09-23
22-007-13,Department of Energy - National Nuclear Security Administration,National Nuclear Security Administration,14,0,3,3,14,23,,2026-09-23
22-007-15,Department of Energy - National Nuclear Security Administration / Energy Efficiency and Renewable Energy,National Nuclear Security Administration / Energy Efficiency and Renewable Energy,2,0,0,0,2,1,,2026-09-23
22-007-09,Department of Energy - National Nuclear Security Administration / Kansas City Field Office,National Nuclear Security Administration / Kansas City Field Office,8,0,0,0,8,18,,2026-09-23
22-007-03,Department of Energy - National Nuclear Security Administration / Lawrence Livermore National Laboratory,National Nuclear Security Administration / Lawrence Livermore National Laboratory,19,0,0,1,20,34,,2026-09-23
22-007-07,Department of Energy - National Nuclear Security Administration / Nevada Field Office,National Nuclear Security Administration / Nevada Field Office,10,0,0,1,10,22,,2026-09-23
22-007-12,Department of Energy - National Renewable Energy Laboratory,National Renewable Energy Laboratory,1,0,0,0,1,0,,2026-09-23
22-007-23,Department of Energy - National Training Center,National Training Center,3,0,0,0,3,6,,2026-09-23
22-007-01,Department of Energy - Oak Ridge National Laboratory,Oak Ridge National Laboratory,2,0,0,1,2,2,,2026-09-23
22-007-21,Department of Energy - Office of Electricity,Office of Electricity,1,0,0,0,1,0,,2026-09-23
22-007-27,Department of Energy - Pantex Field Office,Pantex Field Office,3,0,0,0,3,10,,2026-09-23
22-007-19,Department of Energy - Savannah River National Lab,Savannah River National Lab,12,0,0,0,13,23,,2026-09-23
22-007-05,Department of Energy - Southwestern Power Administration,Southwestern Power Administration,4,0,0,1,4,10,,2026-09-23
22-007-22,Department of Energy - Strategic Petroleum Reserve,Strategic Petroleum Reserve,24,0,0,1,25,40,,2026-09-23
22-007-24,Department of Energy - Western Area Power Administration,Western Area Power Administration,2,0,0,0,2,17,,2026-09-23
22-007-29,Department of Energy - Y12 Field Office,Y12 Field Office,2,0,0,0,2,1,,2026-09-23
22-005,Department of Health and Human Services,,54,299,2,18,98,0,https://www.hhs.gov/,2026-09-23
22-005-09,Department of Health and Human Services - Administration for Children & Families,Administration for Children & Families,27,0,0,1,28,0,,2026-09-23
22-005-05,Department of Health and Human Services - Administration for Community Living,Administration for Community Living,6,0,0,0,6,14,,2026-09-23
22-005-22,Department of Health and Human Services - Advanced Research Projects Agency for Health,Advanced Research Projects Agency for Health,1,0,0,0,1,7,,2026-09-23
22-005-02,Department of Health and Human Services - Agency for Healthcare Research and Quality,Agency for Healthcare Research and Quality,10,0,0,0,23,17,,2026-09-23
22-005-04,Department of Health and Human Services - Centers for Disease Control and Prevention,Centers for Disease Control and Prevention,21,0,1,4,22,37,,2026-09-23
22-005-06,Department of Health and Human Services - Centers for Medicare & Medicaid Services,Centers for Medicare & Medicaid Services,26,0,2,11,26,36,,2026-09-23
22-005-01,Department of Health and Human Services - Food and Drug Administration,Food and Drug Administration,39,0,0,2,42,34,,2026-09-23
22-005-08,Department of Health and Human Services - Health Resources and Services Administration,Health Resources and Services Administration,30,0,0,0,32,40,,2026-09-23
22-005-12,Department of Health and Human Services - HHS Office of the Inspector General,HHS Office of the Inspector General,13,0,0,4,13,22,,2026-09-23
22-005-20,Department of Health and Human Services - Indian Health Services,Indian Health Services,8,0,0,1,8,22,,2026-09-23
22-005-03,Department of Health and Human Services - National Cancer Institute,National Cancer Institute,14,0,0,3,14,31,,2026-09-23
22-005-13,Department of Health and Human Services - National Center for Advancing Translational Sciences,National Center for Advancing Translational Sciences,1,0,0,1,1,7,,2026-09-23
22-005-10,"Department of Health and Human Services - National Heart, Lung, and Blood Institute","National Heart, Lung, and Blood Institute",7,0,0,6,7,18,,2026-09-23
22-005-14,Department of Health and Human Services - National Institute of Allergy and Infectious Diseases,National Institute of Allergy and Infectious Diseases,2,0,0,2,2,10,,2026-09-23
22-005-11,Department of Health and Human Services - National Institutes of Health,National Institutes of Health,25,0,2,8,26,31,,2026-09-23
22-005-19,Department of Health and Human Services - NIH/National Institute of Child Health and Human Development,NIH/National Institute of Child Health and Human Development,1,0,0,0,1,1,,2026-09-23
22-005-15,Department of Health and Human Services - NIH/National Institute on Alcohol Abuse and Alcoholism,NIH/National Institute on Alcohol Abuse and Alcoholism,1,0,0,0,1,7,,2026-09-23
22-005-24,Department of Health and Human Services - Office of Financial Systems Policy and Oversight,Office of Financial Systems Policy and Oversight,1,0,0,0,1,1,,2026-09-23
22-005-07,Department of Health and Human Services - Office of the National Coordinator for Health Information Technology,Office of the National Coordinator for Health Information Technology,1,0,0,1,1,6,,2026-09-23
22-005-21,Department of Health and Human Services - Substance Abuse and Mental Health Service Administration,Substance Abuse and Mental Health Service Administration,8,0,0,0,8,16,https://www.samhsa.gov/,2026-09-23
22-002,Department of Homeland Security,,14,174,3,5,17,0,https://www.dhs.gov/,2026-09-23
22-002-02,Department of Homeland Security - Customs and Border Protection,Customs and Border Protection,30,0,0,6,30,40,,2026-09-23
22-002-08,Department of Homeland Security - Cybersecurity & Infrastructure Security Agency,Cybersecurity & Infrastructure Security Agency,37,0,1,4,40,0,,2026-09-23
22-002-11,Department of Homeland Security - DHS Headquarters,DHS Headquarters,4,0,0,0,5,13,,2026-09-23
22-002-06,Department of Homeland Security - Federal Emergency Management Agency,Federal Emergency Management Agency,21,0,1,4,31,25,,2026-09-23
22-002-03,Department of Homeland Security - Federal Law Enforcement Training Centers,Federal Law Enforcement Training Centers,5,0,0,0,6,11,,2026-09-23
22-002-04,Department of Homeland Security - Immigration and Customs Enforcement,Immigration and Customs Enforcement,40,0,1,3,44,37,,2026-09-23
22-002-05,Department of Homeland Security - Transportation Security Administration,Transportation Security Administration,5,0,0,0,5,13,,2026-09-23
22-002-01,Department of Homeland Security - United States Citizenship and Immigration Services,United States Citizenship and Immigration Services,6,0,0,3,6,22,https://www.uscis.gov/,2026-09-23
22-002-09,Department of Homeland Security - United States Coast Guard,United States Coast Guard,9,0,0,1,10,14,,2026-09-23
22-002-07,Department of Homeland Security - United States Secret Service,United States Secret Service,8,0,0,2,8,10,,2026-09-23
22-012,Department of Housing and Urban Development,,14,33,0,5,15,34,https://www.hud.gov/,2026-09-23
22-012-01,Department of Housing and Urban Development - Government National Mortgage Association,Government National Mortgage Association,13,0,0,1,13,11,,2026-09-23
22-012-02,Department of Housing and Urban Development - HUD Office of Inspector General,HUD Office of Inspector General,11,0,0,0,11,14,,2026-09-23
22-021,Department of Justice,,21,111,1,4,22,0,https://www.justice.gov/,2026-09-23
22-021-13,Department of Justice - Antitrust Division,Antitrust Division,4,0,0,0,4,15,,2026-09-23
22-021-04,"Department of Justice - Bureau of Alcohol, Tobacco, Firearms and Explosives","Bureau of Alcohol, Tobacco, Firearms and Explosives",20,0,0,2,21,27,,2026-09-23
22-021-14,Department of Justice - Civil Division,Civil Division,2,0,0,0,2,6,,2026-09-23
22-021-10,Department of Justice - Civil Rights Division,Civil Rights Division,1,0,0,0,1,5,,2026-09-23
22-021-09,Department of Justice - DOJ Office of the Inspector General,DOJ Office of the Inspector General,7,0,0,0,7,15,,2026-09-23
22-021-06,Department of Justice - Drug Enforcement Administration,Drug Enforcement Administration,16,0,1,8,16,28,,2026-09-23
22-021-03,Department of Justice - Executive Office for United States Attorneys,Executive Office for United States Attorneys,11,0,0,2,12,18,,2026-09-23
22-021-07,Department of Justice - Federal Bureau of Prisons,Federal Bureau of Prisons,6,0,0,1,6,18,,2026-09-23
22-021-01,Department of Justice - Justice Management Division,Justice Management Division,20,0,0,5,20,0,,2026-09-23
22-021-02,Department of Justice - Office of Justice Programs,Office of Justice Programs,15,0,0,3,16,20,,2026-09-23
22-021-08,Department of Justice - United States Marshals Service,United States Marshals Service,10,0,0,2,10,10,,2026-09-23
22-021-12,Department of Justice - US Trustee Program,US Trustee Program,1,0,0,0,1,0,,2026-09-23
22-061,Department of Labor,,39,56,0,2,43,43,https://www.dol.gov/,2026-09-23
22-061-01,Department of Labor - Bureau of Labor Statistics,Bureau of Labor Statistics,15,0,0,2,15,30,,2026-09-23
22-061-03,Department of Labor - Job Corps,Job Corps,2,0,0,0,2,1,,2026-09-23
22-042,Department of State,,72,87,2,12,74,0,https://www.state.gov/,2026-09-23
22-042-01,Department of State - Bureau of Public Affairs,Bureau of Public Affairs,1,0,0,0,1,0,,2026-09-23
22-042-02,Department of State - State Office of the Inspector General,State Office of the Inspector General,23,0,0,1,25,29,,2026-09-23
22-017,Department of the Interior,,38,124,0,9,48,52,https://www.doi.gov/,2026-09-23
22-017-01,Department of the Interior - Bureau of Indian Affairs,Bureau of Indian Affairs,6,0,0,0,6,8,,2026-09-23
22-017-10,Department of the Interior - Bureau of Indian Education,Bureau of Indian Education,2,0,0,0,2,2,,2026-09-23
22-017-08,Department of the Interior - Bureau of Land Management,Bureau of Land Management,3,0,0,0,3,10,,2026-09-23
22-017-11,Department of the Interior - Bureau of Reclamation,Bureau of Reclamation,4,0,0,0,6,4,,2026-09-23
22-017-06,Department of the Interior - Bureau of Safety and Environmental Enforcement,Bureau of Safety and Environmental Enforcement,7,0,0,0,7,14,,2026-09-23
22-017-07,Department of the Interior - Bureau of Trust Funds Administration,Bureau of Trust Funds Administration,4,0,0,1,4,2,,2026-09-23
22-017-13,Department of the Interior - Department of the Interior Office of the Inspector General,Department of the Interior Office of the Inspector General,1,0,0,0,1,2,,2026-09-23
22-017-12,Department of the Interior - Interior Business Center,Interior Business Center,11,0,0,0,12,16,,2026-09-23
22-017-04,Department of the Interior - National Park Service,National Park Service,7,0,0,0,7,3,,2026-09-23
22-017-15,"Department of the Interior - Office of Diversity, Inclusion, and Civil Rights","Office of Diversity, Inclusion, and Civil Rights",0,0,0,0,1,0,,2026-09-23
22-017-05,Department of the Interior - Office of Natural Resources Revenue,Office of Natural Resources Revenue,7,0,0,1,8,5,,2026-09-23
22-017-14,Department of the Interior - Office of Surface Mining and Reclamation Enforcement,Office of Surface Mining and Reclamation Enforcement,2,0,0,0,3,0,,2026-09-23
22-017-02,Department of the Interior - United States Geological Survey,United States Geological Survey,14,0,0,0,16,24,,2026-09-23
22-017-03,Department of the Interior - US Fish and Wildlife Service,US Fish and Wildlife Service,14,0,0,3,14,16,,2026-09-23
22-027,Department of the Treasury,,27,189,0,7,30,0,https://home.treasury.gov/,2026-09-23
22-027-05,Department of the Treasury - Alcohol and Tobacco Tax and Trade Bureau,Alcohol and Tobacco Tax and Trade Bureau,10,0,0,1,10,0,,2026-09-23
22-027-06,Department of the Treasury - Bureau of Engraving and Printing,Bureau of Engraving and Printing,13,0,0,0,13,25,,2026-09-23
22-027-03,Department of the Treasury - Bureau of the Fiscal Service,Bureau of the Fiscal Service,14,0,0,1,15,15,,2026-09-23
22-027-08,Department of the Treasury - Financial Crimes Enforcement Network,Financial Crimes Enforcement Network,2,0,0,0,4,0,https://www.fincen.gov/,2026-09-23
22-027-01,Department of the Treasury - Internal Revenue Service,Internal Revenue Service,56,0,2,4,78,0,,2026-09-23
22-027-07,Department of the Treasury - Office of Financial Research,Office of Financial Research,24,0,0,1,24,35,,2026-09-23
22-027-02,Department of the Treasury - Office of the Comptroller of the Currency,Office of the Comptroller of the Currency,19,0,0,3,19,24,,2026-09-23
22-027-09,Department of the Treasury - Treasury Inspector General for Tax Administration,Treasury Inspector General for Tax Administration,9,0,0,0,9,20,,2026-09-23
22-027-04,Department of the Treasury - United States Mint,United States Mint,4,0,0,0,4,4,,2026-09-23
22-014,Department of Transportation,,19,61,0,2,20,47,https://www.transportation.gov/,2026-09-23
22-014-02,Department of Transportation - Federal Aviation Administration,Federal Aviation Administration,41,0,0,5,42,40,,2026-09-23
22-014-05,Department of Transportation - Federal Highway Administration,Federal Highway Administration,7,0,0,3,7,13,,2026-09-23
22-014-03,Department of Transportation - Federal Railroad Administration,Federal Railroad Administration,1,0,0,1,1,0,,2026-09-23
22-014-01,Department of Transportation - Federal Transportation Administration,Federal Transportation Administration,1,0,0,1,1,2,,2026-09-23
22-014-04,Department of Transportation - Office of the Secretary of Transportation,Office of the Secretary of Transportation,1,0,0,0,1,2,,2026-09-23
22-014-06,Department of Transportation - Pipeline and Hazardous Materials Safety Administration,Pipeline and Hazardous Materials Safety Administration,1,0,0,0,1,7,,2026-09-23
22-036,Department of Veterans Affairs,,127,73,8,64,128,67,https://www.va.gov/,2026-09-23
22-036-01,Department of Veterans Affairs - VA Office of the Inspector General,VA Office of the Inspector General,8,0,0,0,9,17,,2026-09-23
22-015,Environmental Protection Agency,,34,34,0,4,37,44,https://www.epa.gov/,2026-09-23
22-015-01,Environmental Protection Agency - Office of Environmental Justice and External Civil Rights,Office of Environmental Justice and External Civil Rights,1,0,0,0,1,4,,2026-09-23
22-080,Export-Import Bank of the United States,,5,5,0,0,5,19,https://www.exim.gov/,2026-09-23
22-035,Farm Credit Administration,,9,9,0,1,10,18,https://www.fca.gov/,2026-09-23
22-018,Federal Communications Commission,,24,13,0,11,24,29,https://www.fcc.gov/,2026-09-23
22-032,Federal Deposit Insurance Corporation,,57,54,0,5,59,47,https://www.fdic.gov/,2026-09-23
22-043,Federal Election Commission,,3,2,0,1,3,7,https://www.fec.gov/,2026-09-23
22-031,Federal Housing Finance Agency,,23,44,0,3,23,36,https://www.fhfa.gov/,2026-09-23
22-031-01,Federal Housing Finance Agency - FHFA Office of the Inspector General,FHFA Office of the Inspector General,24,0,0,0,24,25,,2026-09-23
22-091,Federal Maritime Commission,,5,5,0,0,5,13,https://www.fmc.gov/,2026-09-23
22-089,Federal Mediation & Conciliation Service,,1,0,0,1,1,0,https://www.fmcs.gov/,2026-09-23
22-067,Federal Reserve System,,30,28,1,3,31,42,https://www.federalreserve.gov/,2026-09-23
22-070,Federal Retirement Thrift Investment Board,,31,34,0,0,34,34,https://www.frtib.gov/,2026-09-23
22-092,Federal Risk and Authorization Management Program,,31,0,0,31,31,16,https://www.fedramp.gov/,2026-09-23
22-003,Federal Trade Commission,,29,26,1,3,29,31,https://www.ftc.gov/,2026-09-23
22-019,General Services Administration,,66,50,3,25,75,0,https://www.gsa.gov/,2026-09-23
22-085,Government Accountability Office,,1,1,0,0,1,0,https://www.gao.gov/,2026-09-23
22-100,Gulf Coast Ecosystem Restoration Council,,1,1,0,0,1,10,,2026-09-23
22-056,Institute of Museum and Library Services,,1,1,0,0,1,8,https://www.imls.gov/,2026-09-23
22-082,Library of Congress,,12,11,0,1,12,19,https://www.loc.gov/,2026-09-23
22-095,Marine Mammal Commission,,1,0,0,1,1,1,https://www.mmc.gov/,2026-09-23
22-098,Merit Systems Protection Board,,1,0,0,1,1,0,https://www.mspb.gov/,2026-09-23
22-029,Millennium Challenge Corporation,,7,6,0,1,7,6,https://www.mcc.gov/,2026-09-23
22-087,Morris K. Udall and Stewart L. Udall Foundation,,1,1,0,0,1,8,https://udall.gov/,2026-09-23
22-030,National Aeronautics and Space Administration,,33,31,1,2,33,36,https://www.nasa.gov/,2026-09-23
22-010,National Archives and Records Administration,,2,1,0,1,2,3,https://www.archives.gov/,2026-09-23
22-050,National Capital Planning Commission,,5,5,0,0,5,15,https://www.ncpc.gov/,2026-09-23
22-084,National Credit Union Administration,,15,14,0,1,15,23,https://ncua.gov/,2026-09-23
22-068,National Endowment for the Arts,,20,28,0,0,28,36,https://www.arts.gov/,2026-09-23
22-006,National Endowment for the Humanities,,3,3,0,1,4,17,https://www.neh.gov/,2026-09-23
22-063,National Gallery of Art,,3,3,0,0,3,17,https://www.nga.gov/,2026-09-23
22-096,National Guard Bureau,,1,1,0,0,1,4,https://www.nationalguard.mil/,2026-09-23
22-013,National Labor Relations Board,,10,9,0,1,10,25,https://www.nlrb.gov/,2026-09-23
22-074,National Mediation Board,,15,15,0,0,15,34,https://nmb.gov/,2026-09-23
22-025,National Science Foundation,,45,39,1,8,45,45,https://www.nsf.gov/,2026-09-23
22-025-01,National Science Foundation - U.S. Antarctic Program,U.S. Antarctic Program,1,0,0,0,2,2,,2026-09-23
22-073,National Transportation Safety Board,,1,0,0,1,1,1,https://www.ntsb.gov/,2026-09-23
22-023,Nuclear Regulatory Commission,,38,37,0,3,40,37,https://www.nrc.gov/,2026-09-23
22-094,Office of Navajo and Hopi Indian Relocation,,1,1,0,0,1,11,https://www.onhir.gov/,2026-09-23
22-062,Office of Personnel Management,,37,36,0,2,38,50,https://www.opm.gov/,2026-09-23
22-055,Other Federal Entity,,5,10,0,1,5,20,,2026-09-23
22-055-01,Other Federal Entity - Other Executive Branch Subagency,Other Executive Branch Subagency,6,0,0,0,6,16,,2026-09-23
22-046,Peace Corps,,6,5,0,1,6,15,https://www.peacecorps.gov/,2026-09-23
22-039,Pension Benefit Guaranty Corporation,,26,25,0,1,26,29,https://www.pbgc.gov/,2026-09-23
22-079,Postal Regulatory Commission,,2,2,0,1,3,4,https://www.prc.gov/,2026-09-23
22-093,Presidio Trust,,4,4,0,0,4,4,https://presidio.gov/,2026-09-23
22-052,Pretrial Services Agency,,6,7,0,0,7,4,https://www.psa.gov/,2026-09-23
22-004,Railroad Retirement Board,,5,4,0,1,5,7,https://rrb.gov/,2026-09-23
22-040,Small Business Administration,,18,14,0,4,18,31,https://www.sba.gov/,2026-09-23
22-090,Smithsonian Institution,,2,2,0,0,2,9,https://www.si.edu/,2026-09-23
22-028,Social Security Administration,,28,32,0,1,33,35,https://www.ssa.gov/,2026-09-23
22-026,Surface Transportation Board,,9,9,0,0,9,12,https://www.stb.gov/,2026-09-23
22-044,Tennessee Valley Authority,,46,40,0,9,49,0,https://www.fec.gov/,2026-09-23
22-099,U.S. AbilityOne Commission,,1,1,0,0,1,10,,2026-09-23
22-078,U.S. Commission for the Preservation of America's Heritage Abroad,,2,2,0,0,2,9,https://www.heritageabroad.gov/,2026-09-23
22-069,U.S. Election Assistance Commission,,18,19,0,0,19,28,https://www.eac.gov/,2026-09-23
22-059,U.S. International Development Finance Corporation,,19,17,0,2,19,25,https://www.dfc.gov/,2026-09-23
22-076,U.S. Office of Special Counsel,,4,4,0,0,4,5,https://osc.gov/,2026-09-23
22-047,United States Access Board,,1,0,0,1,1,4,https://www.access-board.gov/,2026-09-23
22-054,United States Agency for Global Media,,6,2,0,4,6,8,https://www.usagm.gov/,2026-09-23
22-058,United States Agency for International Development,,15,16,0,2,18,30,https://www.usaid.gov/,2026-09-23
22-071,United States Capitol Police,,2,2,0,0,2,7,https://www.uscp.gov/,2026-09-23
22-049,United States Commission on Civil Rights,,1,1,0,0,1,8,https://www.usccr.gov/,2026-09-23
22-038,United States Equal Employment Opportunity Commission,,5,4,0,1,5,12,https://www.eeoc.gov/,2026-09-23
22-057,United States House of Representatives,,1,1,0,0,1,0,https://www.house.gov/,2026-09-23
22-065,United States International Trade Commission,,18,18,0,0,18,24,https://www.usitc.gov/,2026-09-23
22-077,United States Office of Government Ethics,,4,4,0,0,4,12,https://www.oge.gov/,2026-09-23
22-041,United States Postal Service,,1,1,0,0,1,5,https://www.usps.com/,2026-09-23
22-020,United States Securities and Exchange Commission,,27,28,0,2,30,38,https://www.sec.gov/,2026-09-23
22-053,United States Trade and Development Agency,,4,5,0,0,5,6,https://www.ustda.gov/,2026-09-23
22-060,Universal Service Administrative Company,,13,16,0,0,16,22,https://www.usac.org/,2026-09-23
