domain,seen_in_common_name,seen_in_name_value,certificate_count,issuer_count,earliest_seen,latest_expiry,certificate_ids,issuers
SPTC-XPWYE-03.jabber.dea.gov,No,Yes,1,1,2026-04-10T00:00:00,2026-10-25T23:59:59,25468403831,"C=US, O=DigiCert Inc, CN=DigiCert Global G2 TLS RSA SHA256 2020 CA1"
SPTC-XPWYE-04.jabber.dea.gov,No,Yes,1,1,2026-04-10T00:00:00,2026-10-25T23:59:59,25468403831,"C=US, O=DigiCert Inc, CN=DigiCert Global G2 TLS RSA SHA256 2020 CA1"
XPWYE-Cluster.jabber.dea.gov,No,Yes,1,1,2026-04-10T00:00:00,2026-10-25T23:59:59,25468403831,"C=US, O=DigiCert Inc, CN=DigiCert Global G2 TLS RSA SHA256 2020 CA1"
acf-xpwye-01.jabber.dea.gov,No,Yes,1,1,2026-04-10T00:00:00,2026-10-25T23:59:59,25468403831,"C=US, O=DigiCert Inc, CN=DigiCert Global G2 TLS RSA SHA256 2020 CA1"
acf-xpwye-02.jabber.dea.gov,No,Yes,1,1,2026-04-10T00:00:00,2026-10-25T23:59:59,25468403831,"C=US, O=DigiCert Inc, CN=DigiCert Global G2 TLS RSA SHA256 2020 CA1"
acf-xpwye-03.jabber.dea.gov,No,Yes,1,1,2026-04-10T00:00:00,2026-10-25T23:59:59,25468403831,"C=US, O=DigiCert Inc, CN=DigiCert Global G2 TLS RSA SHA256 2020 CA1"
acf-xpwye-04.jabber.dea.gov,No,Yes,1,1,2026-04-10T00:00:00,2026-10-25T23:59:59,25468403831,"C=US, O=DigiCert Inc, CN=DigiCert Global G2 TLS RSA SHA256 2020 CA1"
admin-stage.dea.gov,No,Yes,5,2,2025-10-19T00:00:00,2026-10-20T23:59:59,24043953875;24043981422;21815218588;21815123890;24043956563,"C=US, O=DigiCert Inc, CN=DigiCert Global G3 TLS ECC SHA384 2020 CA1;C=US, O=DigiCert Inc, CN=DigiCert Global G2 TLS RSA SHA256 2020 CA1"
admin.dea.gov,No,Yes,5,2,2025-10-19T00:00:00,2026-10-20T23:59:59,24043953875;24043981422;21815218588;21815123890;24043956563,"C=US, O=DigiCert Inc, CN=DigiCert Global G3 TLS ECC SHA384 2020 CA1;C=US, O=DigiCert Inc, CN=DigiCert Global G2 TLS RSA SHA256 2020 CA1"
autodiscover.dea.gov,No,Yes,1,1,2026-02-18T00:00:00,2027-03-21T23:59:59,24492152185,"C=US, O=DigiCert Inc, CN=DigiCert Global G2 TLS RSA SHA256 2020 CA1"
autodiscover.deficloud.dea.gov,No,Yes,1,1,2026-04-20T00:00:00,2026-11-04T23:59:59,25609881105,"C=US, O=DigiCert Inc, CN=DigiCert Global G2 TLS RSA SHA256 2020 CA1"
chat-api.diversion.dea.gov,No,Yes,2,1,2026-08-03T17:51:53,2026-11-01T17:51:52,28501676315;28501686471,"C=US, O=Let's Encrypt, CN=YR1"
chat.diversion.dea.gov,No,Yes,2,1,2026-08-03T17:51:53,2026-11-01T17:51:52,28501676315;28501686471,"C=US, O=Let's Encrypt, CN=YR1"
collab-edge.jabber.dea.gov,No,Yes,1,1,2026-04-10T00:00:00,2026-10-25T23:59:59,25468403831,"C=US, O=DigiCert Inc, CN=DigiCert Global G2 TLS RSA SHA256 2020 CA1"
contactcenter.diversion.dea.gov,No,Yes,2,2,2026-01-28T00:00:00,2026-10-20T23:59:59,24043956563;24043981422,"C=US, O=DigiCert Inc, CN=DigiCert Global G3 TLS ECC SHA384 2020 CA1;C=US, O=DigiCert Inc, CN=DigiCert Global G2 TLS RSA SHA256 2020 CA1"
dea.gov,Yes,Yes,11,4,2025-10-19T00:00:00,2026-11-01T17:51:52,24043953875;24043981422;21815218588;27903861684;28501686471;21815123890;21981360306;27903865274;24043956563;28501676315;21981519763,"C=US, O=Let's Encrypt, CN=YR1;C=US, O=DigiCert Inc, CN=DigiCert Global G3 TLS ECC SHA384 2020 CA1;C=US, O=DigiCert Inc, CN=DigiCert Global G2 TLS RSA SHA256 2020 CA1;C=US, O=Let's Encrypt, CN=YR2"
deafofdev.dea.gov,No,Yes,5,2,2025-10-19T00:00:00,2026-10-20T23:59:59,24043953875;24043981422;21815218588;21815123890;24043956563,"C=US, O=DigiCert Inc, CN=DigiCert Global G3 TLS ECC SHA384 2020 CA1;C=US, O=DigiCert Inc, CN=DigiCert Global G2 TLS RSA SHA256 2020 CA1"
deafofstage.dea.gov,No,Yes,5,2,2025-10-19T00:00:00,2026-10-20T23:59:59,24043953875;24043981422;21815218588;21815123890;24043956563,"C=US, O=DigiCert Inc, CN=DigiCert Global G3 TLS ECC SHA384 2020 CA1;C=US, O=DigiCert Inc, CN=DigiCert Global G2 TLS RSA SHA256 2020 CA1"
deagovdev.dea.gov,No,Yes,5,2,2025-10-19T00:00:00,2026-10-20T23:59:59,24043953875;24043981422;21815218588;21815123890;24043956563,"C=US, O=DigiCert Inc, CN=DigiCert Global G3 TLS ECC SHA384 2020 CA1;C=US, O=DigiCert Inc, CN=DigiCert Global G2 TLS RSA SHA256 2020 CA1"
deagovstage.dea.gov,No,Yes,5,2,2025-10-19T00:00:00,2026-10-20T23:59:59,24043953875;24043981422;21815218588;21815123890;24043956563,"C=US, O=DigiCert Inc, CN=DigiCert Global G3 TLS ECC SHA384 2020 CA1;C=US, O=DigiCert Inc, CN=DigiCert Global G2 TLS RSA SHA256 2020 CA1"
deagovtest.dea.gov,No,Yes,5,2,2025-10-19T00:00:00,2026-10-20T23:59:59,24043953875;24043981422;21815218588;21815123890;24043956563,"C=US, O=DigiCert Inc, CN=DigiCert Global G3 TLS ECC SHA384 2020 CA1;C=US, O=DigiCert Inc, CN=DigiCert Global G2 TLS RSA SHA256 2020 CA1"
deficloud.dea.gov,No,Yes,1,1,2026-04-20T00:00:00,2026-11-04T23:59:59,25609881105,"C=US, O=DigiCert Inc, CN=DigiCert Global G2 TLS RSA SHA256 2020 CA1"
dev.chat-api.diversion.dea.gov,No,Yes,2,1,2026-08-03T17:51:53,2026-11-01T17:51:52,28501676315;28501686471,"C=US, O=Let's Encrypt, CN=YR1"
dev.chat.diversion.dea.gov,No,Yes,2,1,2026-08-03T17:51:53,2026-11-01T17:51:52,28501676315;28501686471,"C=US, O=Let's Encrypt, CN=YR1"
dgp.dea.gov,Yes,Yes,1,1,2026-01-16T00:00:00,2027-01-15T23:59:59,23803349759,"C=US, O=DigiCert Inc, CN=DigiCert Global G2 TLS RSA SHA256 2020 CA1"
diversion.dea.gov,No,Yes,2,2,2026-01-28T00:00:00,2026-10-20T23:59:59,24043956563;24043981422,"C=US, O=DigiCert Inc, CN=DigiCert Global G3 TLS ECC SHA384 2020 CA1;C=US, O=DigiCert Inc, CN=DigiCert Global G2 TLS RSA SHA256 2020 CA1"
exch19-az.deficloud.dea.gov,Yes,Yes,1,1,2026-04-20T00:00:00,2026-11-04T23:59:59,25609881105,"C=US, O=DigiCert Inc, CN=DigiCert Global G2 TLS RSA SHA256 2020 CA1"
fof.dea.gov,No,Yes,5,2,2025-10-19T00:00:00,2026-10-20T23:59:59,24043953875;24043981422;21815218588;21815123890;24043956563,"C=US, O=DigiCert Inc, CN=DigiCert Global G3 TLS ECC SHA384 2020 CA1;C=US, O=DigiCert Inc, CN=DigiCert Global G2 TLS RSA SHA256 2020 CA1"
hybrid.dea.gov,No,Yes,1,1,2026-02-18T00:00:00,2027-03-21T23:59:59,24492152185,"C=US, O=DigiCert Inc, CN=DigiCert Global G2 TLS RSA SHA256 2020 CA1"
ifa.dea.gov,Yes,Yes,17,6,2025-09-29T00:00:00,2026-12-12T23:59:59,28386129874;24899501581;26711526214;21351814688;21981411380;21352701096;28386424463;28386424405;28385126685;28386152022;28385146471;28386130481;28386166962;21981290005;28386385174;21981428377;28386387480,"C=US, O=Google Trust Services, CN=WE1;C=US, O=SSL Corporation, CN=Cloudflare TLS Issuing RSA CA 3;C=US, O=SSL Corporation, CN=Cloudflare TLS Issuing ECC CA 3;C=US, O=DigiCert Inc, CN=DigiCert Global G3 TLS ECC SHA384 2020 CA1;C=US, O=Google Trust Services, CN=WR1;C=US, O=DigiCert Inc, CN=DigiCert Global G2 TLS RSA SHA256 2020 CA1"
jabber.dea.gov,No,Yes,1,1,2026-04-10T00:00:00,2026-10-25T23:59:59,25468403831,"C=US, O=DigiCert Inc, CN=DigiCert Global G2 TLS RSA SHA256 2020 CA1"
mail.dea.usdoj.gov,Yes,No,1,1,2026-02-18T00:00:00,2027-03-21T23:59:59,24492152185,"C=US, O=DigiCert Inc, CN=DigiCert Global G2 TLS RSA SHA256 2020 CA1"
mail.deficloud.dea.gov,No,Yes,1,1,2026-04-20T00:00:00,2026-11-04T23:59:59,25609881105,"C=US, O=DigiCert Inc, CN=DigiCert Global G2 TLS RSA SHA256 2020 CA1"
mmapplication.diversion.dea.gov,No,Yes,4,2,2026-07-13T16:09:01,2026-11-01T17:51:52,27903865274;28501676315;27903861684;28501686471,"C=US, O=Let's Encrypt, CN=YR1;C=US, O=Let's Encrypt, CN=YR2"
search.diversion.dea.gov,No,Yes,2,2,2026-01-28T00:00:00,2026-10-20T23:59:59,24043956563;24043981422,"C=US, O=DigiCert Inc, CN=DigiCert Global G3 TLS ECC SHA384 2020 CA1;C=US, O=DigiCert Inc, CN=DigiCert Global G2 TLS RSA SHA256 2020 CA1"
sptc-xpwye-01.jabber.dea.gov,Yes,Yes,1,1,2026-04-10T00:00:00,2026-10-25T23:59:59,25468403831,"C=US, O=DigiCert Inc, CN=DigiCert Global G2 TLS RSA SHA256 2020 CA1"
sptc-xpwye-02.jabber.dea.gov,No,Yes,1,1,2026-04-10T00:00:00,2026-10-25T23:59:59,25468403831,"C=US, O=DigiCert Inc, CN=DigiCert Global G2 TLS RSA SHA256 2020 CA1"
takebackday.dea.gov,No,Yes,5,2,2025-10-19T00:00:00,2026-10-20T23:59:59,24043953875;24043981422;21815218588;21815123890;24043956563,"C=US, O=DigiCert Inc, CN=DigiCert Global G3 TLS ECC SHA384 2020 CA1;C=US, O=DigiCert Inc, CN=DigiCert Global G2 TLS RSA SHA256 2020 CA1"
test.contactcenter.diversion.dea.gov,No,Yes,2,2,2026-01-28T00:00:00,2026-10-20T23:59:59,24043956563;24043981422,"C=US, O=DigiCert Inc, CN=DigiCert Global G3 TLS ECC SHA384 2020 CA1;C=US, O=DigiCert Inc, CN=DigiCert Global G2 TLS RSA SHA256 2020 CA1"
test.diversion.dea.gov,No,Yes,2,2,2026-01-28T00:00:00,2026-10-20T23:59:59,24043956563;24043981422,"C=US, O=DigiCert Inc, CN=DigiCert Global G3 TLS ECC SHA384 2020 CA1;C=US, O=DigiCert Inc, CN=DigiCert Global G2 TLS RSA SHA256 2020 CA1"
test.mmapplication.diversion.dea.gov,No,Yes,4,2,2026-07-13T16:09:01,2026-11-01T17:51:52,27903865274;28501676315;27903861684;28501686471,"C=US, O=Let's Encrypt, CN=YR1;C=US, O=Let's Encrypt, CN=YR2"
uat.chat-api.diversion.dea.gov,No,Yes,2,1,2026-08-03T17:51:53,2026-11-01T17:51:52,28501676315;28501686471,"C=US, O=Let's Encrypt, CN=YR1"
uat.chat.diversion.dea.gov,No,Yes,2,1,2026-08-03T17:51:53,2026-11-01T17:51:52,28501676315;28501686471,"C=US, O=Let's Encrypt, CN=YR1"
wakeupcentralohio.dea.gov,No,Yes,5,2,2025-10-19T00:00:00,2026-10-20T23:59:59,24043953875;24043981422;21815218588;21815123890;24043956563,"C=US, O=DigiCert Inc, CN=DigiCert Global G3 TLS ECC SHA384 2020 CA1;C=US, O=DigiCert Inc, CN=DigiCert Global G2 TLS RSA SHA256 2020 CA1"
wakeupportlandme.dea.gov,No,Yes,5,2,2025-10-19T00:00:00,2026-10-20T23:59:59,24043953875;24043981422;21815218588;21815123890;24043956563,"C=US, O=DigiCert Inc, CN=DigiCert Global G3 TLS ECC SHA384 2020 CA1;C=US, O=DigiCert Inc, CN=DigiCert Global G2 TLS RSA SHA256 2020 CA1"
wakeupvegas.dea.gov,No,Yes,5,2,2025-10-19T00:00:00,2026-10-20T23:59:59,24043953875;24043981422;21815218588;21815123890;24043956563,"C=US, O=DigiCert Inc, CN=DigiCert Global G3 TLS ECC SHA384 2020 CA1;C=US, O=DigiCert Inc, CN=DigiCert Global G2 TLS RSA SHA256 2020 CA1"
withyoustl.dea.gov,No,Yes,5,2,2025-10-19T00:00:00,2026-10-20T23:59:59,24043953875;24043981422;21815218588;21815123890;24043956563,"C=US, O=DigiCert Inc, CN=DigiCert Global G3 TLS ECC SHA384 2020 CA1;C=US, O=DigiCert Inc, CN=DigiCert Global G2 TLS RSA SHA256 2020 CA1"
www-stage.dea.gov,No,Yes,5,2,2025-10-19T00:00:00,2026-10-20T23:59:59,24043953875;24043981422;21815218588;21815123890;24043956563,"C=US, O=DigiCert Inc, CN=DigiCert Global G3 TLS ECC SHA384 2020 CA1;C=US, O=DigiCert Inc, CN=DigiCert Global G2 TLS RSA SHA256 2020 CA1"
www.dea.gov,Yes,Yes,5,2,2025-10-19T00:00:00,2026-10-20T23:59:59,24043953875;24043981422;21815218588;21815123890;24043956563,"C=US, O=DigiCert Inc, CN=DigiCert Global G3 TLS ECC SHA384 2020 CA1;C=US, O=DigiCert Inc, CN=DigiCert Global G2 TLS RSA SHA256 2020 CA1"
www.epic.gov,Yes,No,4,2,2025-09-29T00:00:00,2026-10-23T23:59:59,21352701096;24899501581;21981428377;21351814688,"C=US, O=DigiCert Inc, CN=DigiCert Global G3 TLS ECC SHA384 2020 CA1;C=US, O=DigiCert Inc, CN=DigiCert Global G2 TLS RSA SHA256 2020 CA1"
